sample_id,attack_category,historical_transaction_count,victim_transaction_count,attacker_side_transaction_count,observed_target_count,supported_target_count,observed_target_addresses,observed_affected_functions,event_target_ground_truth_ready,code_vulnerability_claim
cisbl7-0095d300a1f2067de5c5c903,sandwich,8,6,2,2,2,0x3ebec0a1b4055c8d1180fce64db2a8c068170880;0x454954e9afc59fad90ae04068691304d2f5e249f,"swap(address,bool,int256,uint160,bytes);swap(uint256,uint256,address,bytes)",True,not_established
cisbl7-08aafa83376fbd1606986ec3,sandwich,6,4,2,4,4,0x082b9e93fb2087f56d632d57a16060da98816786;0x4177d19e4125213bdd8d82dbc1ca775799d18218;0xd300c31a23c2300c601a44da8e3df36c4e1b78c5;0xec7a1a2896d4b9d7014fa7be2aa936c8a76a8072,"swap(uint256,uint256,address,bytes)",True,not_established
cisbl7-0b63d81a8287eb8198717277,sandwich,4,2,2,2,2,0xa1db2fc9b2ceaf3cdf41fd11ffcb38404eae3906;0xe0554a476a092703abdb3ef35c80e0d76d32939f,"swap(address,bool,int256,uint160,bytes);swap(uint256,uint256,address,bytes)",True,not_established
cisbl7-0c7abcbc44de25a04610d3de,sandwich,5,3,2,3,3,0x50608c538b29c3839042fc7219faf95f19f1fd65;0x553e9c493678d8606d6a5ba284643db2110df823;0x874376be8231dad99aabf9ef0767b3cc054c60ee,"swap(address,bool,int256,uint160,bytes);swap(uint256,uint256,address,bytes)",True,not_established
cisbl7-0de804b52c6e4ae3d7671b3d,sandwich,4,2,2,2,2,0xdb3cf8597d795c1eaa3be49289d7538ed195c767;0xe0554a476a092703abdb3ef35c80e0d76d32939f,"swap(address,bool,int256,uint160,bytes);swap(uint256,uint256,address,bytes)",True,not_established
cisbl7-0f280a3a62d383216ec5bff5,sandwich,4,2,2,2,2,0x508acdc358be2ed126b1441f0cff853dec49d40f;0x6c618dd1040a79923cd74113ef0ed07c07d2b0e7,"swap(address,bool,int256,uint160,bytes);swap(uint256,uint256,address,bytes)",True,not_established
cisbl7-11e7dc23f8068c5ed3860775,sandwich,5,3,2,3,3,0x20562241933074b96862394f0bd196cd06f2830d;0xb5761dbce0b6dad590c46b6e95839d60f0b888e8;0xe6572124df9d0b4fbf591badde15d0c2e9c4173b,"swap(address,bool,int256,uint160,bytes);swap(uint256,uint256,address,bytes)",True,not_established
cisbl7-1201befcde657268382ab798,sandwich,4,2,2,2,2,0x276e0893a095422e25b0b1f2f6c7c899351f48ab;0x468795e031c173942c9387aed0a302e26bdd0460,"swap(address,bool,int256,uint160,bytes);swap(uint256,uint256,address,bytes)",True,not_established
cisbl7-12f1733b6cb4a49dda819c87,sandwich,5,3,2,3,3,0x205eca9671aa698aa7c0d0af1cf6a2633b53b0c7;0x8867f20c1c63baccec7617626254a060eeb0e61e;0xc7bbec68d12a0d1830360f8ec58fa599ba1b0e9b,"swap(address,bool,int256,uint160,bytes);swap(uint256,uint256,address,bytes)",True,not_established
cisbl7-15df70326ddaa0ac33a871b1,sandwich,12,10,2,2,2,0x6220add83b8103bffe40218e658068288eda4ec1;0xbf85f94d3233ee588f0907a9147fbb59d7246b54,"swap(address,bool,int256,uint160,bytes);swap(uint256,uint256,address,bytes)",True,not_established
cisbl7-15ebef57d7bd229399e2734e,sandwich,4,2,2,2,2,0xddd23787a6b80a794d952f5fb036d0b31a8e6aff;0xe0554a476a092703abdb3ef35c80e0d76d32939f,"swap(address,bool,int256,uint160,bytes);swap(uint256,uint256,address,bytes)",True,not_established
cisbl7-17a1d06c6e481d200cc39a02,sandwich,5,3,2,3,3,0x15aa01580ae866f9ff4dbe45e06e307941d90c7b;0x6c618dd1040a79923cd74113ef0ed07c07d2b0e7;0xa6a21fce6220f9c4c4e4f5e5e2653bfe73470c76,"swap(address,bool,int256,uint160,bytes);swap(uint256,uint256,address,bytes)",True,not_established
cisbl7-188fbed2f0d01a3ba5a2468b,sandwich,6,4,2,3,3,0x416f359564e32bfe9b755f7d829bd89db15fab40;0x93f6a87eb364bf59b95a1f523a2c23e33c0eebda;0xc7bbec68d12a0d1830360f8ec58fa599ba1b0e9b,"swap(address,bool,int256,uint160,bytes);swap(uint256,uint256,address,bytes)",True,not_established
cisbl7-1ac8b46675ae542035c2b95e,sandwich,5,3,2,3,3,0x4de8c60541fdadd33404ccb2c8b83907ce617341;0x8193c8889086c2c47dfec8dd62a08f29c4897491;0xc7bbec68d12a0d1830360f8ec58fa599ba1b0e9b,"swap(address,bool,int256,uint160,bytes);swap(uint256,uint256,address,bytes)",True,not_established
cisbl7-1b9cb029a3974a4c6f23a733,sandwich,5,3,2,1,1,0xc7bbec68d12a0d1830360f8ec58fa599ba1b0e9b,"swap(address,bool,int256,uint160,bytes)",True,not_established
cisbl7-2006f2ffc468a4ed5a88f2e3,sandwich,5,3,2,3,3,0x9ec9620e1fda9c1e57c46782bc3232903cacb59b;0x9f37832fd555bfcce14d6a4555e5d0880e5ecd8e;0xd9f2a7471d1998c69de5cae6df5d3f070f01df9f,"swap(address,bool,int256,uint160,bytes);swap(uint256,uint256,address,bytes)",True,not_established
cisbl7-24d1315f3452e7f4aace2258,sandwich,7,5,2,4,4,0x4de8c60541fdadd33404ccb2c8b83907ce617341;0xd7f70a72e1693804a42afd9d73c77b2f1f8f8f6d;0xe0554a476a092703abdb3ef35c80e0d76d32939f;0xfd22f188ab5ae8b19b3b90e064d5843cc38f9e59,"swap(address,bool,int256,uint160,bytes);swap(uint256,uint256,address,bytes)",True,not_established
cisbl7-25548c2665a02c11c3fc5185,sandwich,12,10,2,2,2,0xa6a21fce6220f9c4c4e4f5e5e2653bfe73470c76;0xc4ce8e63921b8b6cbdb8fcb6bd64cc701fb926f2,"swap(address,bool,int256,uint160,bytes);swap(uint256,uint256,address,bytes)",True,not_established
cisbl7-260387587350ff0e555eeac9,sandwich,10,8,2,3,3,0x349ee001d80f896f24571616932f54cbd66b18c9;0x470dc172d6502ac930b59322ece5345dd456a03d;0x67324985b5014b36b960273353deb3d96f2f18c2,"swap(address,bool,int256,uint160,bytes);swap(uint256,uint256,address,bytes)",True,not_established
cisbl7-2e1dc6d265de65a8d87458b3,sandwich,5,3,2,3,3,0x17ff5ca239ab6e2a6c6411ae5f25416d02d21cbc;0x468795e031c173942c9387aed0a302e26bdd0460;0x521683a0964829a3daa6fff61c77138ecb63a08c,"swap(address,bool,int256,uint160,bytes);swap(uint256,uint256,address,bytes)",True,not_established
cisbl7-2ecc9460160ed4ccbc06f086,sandwich,5,3,2,3,3,0x0a6fc72967d2b559507d2e03c631ccafb8bcb872;0x23e182724f1b00a3c5a2c76502096625b5fe87cd;0xf80758ab42c3b07da84053fd88804bcb6baa4b5c,"swap(address,bool,int256,uint160,bytes);swap(uint256,uint256,address,bytes)",True,not_established
cisbl7-30ffa59c1950356250a9ef4e,sandwich,5,3,2,3,3,0x750874e6fb8dca30ce41d445e4baf8c76971f912;0x8bb9cd887dd51c5aa8d7da9e244c94bec035e47c;0xcaa004418eb42cdf00cb057b7c9e28f0ffd840a5,"swap(address,bool,int256,uint160,bytes);swap(uint256,uint256,address,bytes)",True,not_established
cisbl7-33ae60fc0c1df4419d4b8de3,sandwich,5,3,2,2,2,0x11b815efb8f581194ae79006d24e0d814b7697f6;0x308c6fbd6a14881af333649f17f2fde9cd75e2a6,"swap(address,bool,int256,uint160,bytes);swap(uint256,uint256,address,bytes)",True,not_established
cisbl7-343f9fd4adf5e694c495ba1b,sandwich,4,2,2,2,2,0xb15ea9b9140e3f26e543ca302a447ce6e0f0f858;0xbf16540c857b4e32ce6c37d2f7725c8eec869b8b,"swap(address,bool,int256,uint160,bytes);swap(uint256,uint256,address,bytes)",True,not_established
cisbl7-353b6340d24ee9c7cc70bb65,sandwich,5,3,2,3,3,0xa5d1ee5c5380af8454d76bb5fd40d0b3c612762d;0xc7bbec68d12a0d1830360f8ec58fa599ba1b0e9b;0xe0554a476a092703abdb3ef35c80e0d76d32939f,"swap(address,bool,int256,uint160,bytes);swap(uint256,uint256,address,bytes)",True,not_established
cisbl7-35cea36e215936634b26371d,sandwich,4,2,2,2,2,0xc7bbec68d12a0d1830360f8ec58fa599ba1b0e9b;0xe0554a476a092703abdb3ef35c80e0d76d32939f,"swap(address,bool,int256,uint160,bytes)",True,not_established
cisbl7-3e2ad35e5a314e5746b1c536,sandwich,5,3,2,3,3,0xbbbdb106a806173d1eea1640961533ff3114d69a;0xc7bbec68d12a0d1830360f8ec58fa599ba1b0e9b;0xf1101dc04eff6673d5e7c427970d3799befcea9b,"swap(address,bool,int256,uint160,bytes);swap(uint256,uint256,address,bytes)",True,not_established
cisbl7-3e41ceaf0e5847aff69c4872,sandwich,5,3,2,2,2,0x3ebec0a1b4055c8d1180fce64db2a8c068170880;0xb10302fc8bd7653d03e0add6083262d4b67bb247,"swap(address,bool,int256,uint160,bytes);swap(uint256,uint256,address,bytes)",True,not_established
cisbl7-3e75402bc6396072161992de,sandwich,12,10,2,1,1,0xd293d05e83035a757d510e2a5ebfe705c4f05b1f,"swap(uint256,uint256,address,bytes)",True,not_established
cisbl7-3ec03ec4d489ffb680b30ae5,sandwich,6,4,2,4,4,0x0b07188b12e3bba6a680e553e23c4079e98a034b;0x4585fe77225b41b697c938b018e2ac67ac5a20c0;0x6591c4bcd6d7a1eb4e537da8b78676c1576ba244;0xf0d417fc9fb2f1b6efe51b39db7ed60117dcd2e6,"swap(address,bool,int256,uint160,bytes);swap(uint256,uint256,address,bytes)",True,not_established
cisbl7-41455cf30e59a0fee219ed54,sandwich,4,2,2,2,2,0x504393f35e3cf04977845e183841d8e4ec0ef6b3;0xb699853be792ce85a4fab963e772648f6dd28315,"swap(uint256,uint256,address,bytes)",True,not_established
cisbl7-44fed7f05fa6f1cd5af0834c,sandwich,7,5,2,5,5,0x5694a92a69775a010e65d610d78b9eaf950c897e;0x6c2b8b3f7a909531c4c55ca6a0a7c3ab65e8d94a;0xb0f4a77bde7fee134265307c5cc19abff0ba409b;0xd12c3f807f5b84372b5660eb4eb55702b0ab7097;0xebfb684dd2b01e698ca6c14f10e4f289934a54d6,"swap(address,bool,int256,uint160,bytes);swap(uint256,uint256,address,bytes)",True,not_established
cisbl7-45ef2a68665a7c1c3e82187d,sandwich,4,2,2,1,1,0xc7bbec68d12a0d1830360f8ec58fa599ba1b0e9b,"swap(address,bool,int256,uint160,bytes)",True,not_established
cisbl7-48a5f5f4909e3b9c414493a3,sandwich,4,2,2,2,2,0x553e9c493678d8606d6a5ba284643db2110df823;0x6c1bcf1b99d9f0819459dad661795802d232437e,"swap(address,bool,int256,uint160,bytes)",True,not_established
cisbl7-491281feec3650376a576240,sandwich,6,4,2,4,4,0x15a8e38942f9e353bec8812763fb3c104c89ecf4;0x778dcaa27e9c669a71c462b724a4e97fc4f1bcc5;0xbbbdb106a806173d1eea1640961533ff3114d69a;0xf1101dc04eff6673d5e7c427970d3799befcea9b,"swap(uint256,uint256,address,bytes)",True,not_established
cisbl7-4964497932585fcc22c3272b,sandwich,4,2,2,2,2,0x18cd890f4e23422dc4aa8c2d6e0bd3f3bd8873d8;0x86fef14c27c78deaeb4349fd959caa11fc5b5d75,"swap(uint256,uint256,address,bytes)",True,not_established
cisbl7-4aca92f1cdc377a268dca67f,sandwich,7,5,2,4,4,0x203cb9b58a5ad9e3c5eda27277ef906bdff0395c;0x80d4c1f8c46ed2ae84d489d5da1df1f9651c3396;0xa1444ac5b8ac4f20f748558fe4e848087f528e00;0xe0554a476a092703abdb3ef35c80e0d76d32939f,"swap(address,bool,int256,uint160,bytes);swap(uint256,uint256,address,bytes)",True,not_established
cisbl7-4c531c55ac0a6baf6e010e50,sandwich,5,3,2,3,3,0x725ac420e440ca6fb180894bfd03e8cadf514bd9;0xd300c31a23c2300c601a44da8e3df36c4e1b78c5;0xd6e420f6b1c4035ffd566963301b92067a8c34cd,"swap(address,bool,int256,uint160,bytes);swap(uint256,uint256,address,bytes)",True,not_established
cisbl7-50242df30e5d91e923dc773a,sandwich,5,3,2,1,1,0xc7bbec68d12a0d1830360f8ec58fa599ba1b0e9b,"swap(address,bool,int256,uint160,bytes)",True,not_established
cisbl7-51224b71c4fc2393379d8a29,sandwich,7,5,2,5,5,0x2bbf5243e49e8f0025988754dac6620ab0d3e162;0x498498fa386ef2860e7abf8c60254580c8c41ec5;0x85673c92f0f27a9c4d8c221f6bfefa33b716338a;0xe092769bc1fa5262d4f48353f90890dcc339bf80;0xe4e86c6805884736c0faea1e559c51f37da15812,"swap(address,bool,int256,uint160,bytes);swap(uint256,uint256,address,bytes)",True,not_established
cisbl7-531789fe50f134f0267f7c30,sandwich,6,4,2,2,2,0x1385fc1fe0418ea0b4fcf7adc61fc7535ab7f80d;0xa37331ed1fe0394ef4ac11a19b084661f693c547,"swap(address,bool,int256,uint160,bytes)",True,not_established
cisbl7-54a1435ee389111fbbb2ffab,sandwich,5,3,2,3,3,0xa6a21fce6220f9c4c4e4f5e5e2653bfe73470c76;0xe0554a476a092703abdb3ef35c80e0d76d32939f;0xf44876dbfa10609fcdd68cb4122c3a6e1d4acd8f,"swap(address,bool,int256,uint160,bytes);swap(uint256,uint256,address,bytes)",True,not_established
cisbl7-567a059dbf6e80f2143f1d82,sandwich,4,2,2,2,2,0x6cb687c64678c6de7d37d70985191faf11e9fc9d;0x779d8c94342324fcf40af55aeae44a1e654c2550,"swap(address,bool,int256,uint160,bytes);swap(uint256,uint256,address,bytes)",True,not_established
cisbl7-594b2fe82e8fcc81f83ddede,sandwich,7,5,2,3,3,0x11335d5909f3181b77cc942efb9e9f432d617a2b;0x3ebec0a1b4055c8d1180fce64db2a8c068170880;0x85611e73a4d6ef11dd90029b7b0606714775ab72,"swap(address,bool,int256,uint160,bytes);swap(uint256,uint256,address,bytes)",True,not_established
cisbl7-5a87351a5ee501ee98e4ae80,sandwich,4,2,2,2,2,0x725ac420e440ca6fb180894bfd03e8cadf514bd9;0xe0554a476a092703abdb3ef35c80e0d76d32939f,"swap(address,bool,int256,uint160,bytes);swap(uint256,uint256,address,bytes)",True,not_established
cisbl7-5bcc3d27e99fa65b7838d8be,sandwich,11,9,2,2,2,0x35b88354c51613fe8857e02668c68e8c52161ba2;0x6220add83b8103bffe40218e658068288eda4ec1,"swap(address,bool,int256,uint160,bytes);swap(uint256,uint256,address,bytes)",True,not_established
cisbl7-5d50c97f95ae41fe012e999c,sandwich,6,4,2,4,4,0x6cbe748b2ee80c9edeb5e882f9be88871b5f15a8;0x95f2610d0475d72e75bfcbd8bb7ecafe1f351b8d;0xd76d3bc1e2d5954de690cd9987cc073458ec0e0d;0xdab143548832194c8f2677eba9830e0b453b37c6,"swap(uint256,uint256,address,bytes)",True,not_established
cisbl7-5d7ba387deedf57520a15b1e,sandwich,5,3,2,2,2,0x14154c15fc0fd3f91de557a1b6fdd2059972cd0b;0x85503c60a699a518854385ca59f370d17722ebb0,"swap(address,bool,int256,uint160,bytes);swap(uint256,uint256,address,bytes)",True,not_established
cisbl7-5dcc6dff48d37d4c5e5b0f88,sandwich,4,2,2,2,2,0x29c699485f9f45bf164960927f8136b6a8720ad5;0x9a772018fbd77fcd2d25657e5c547baff3fd7d16,"swap(address,bool,int256,uint160,bytes);swap(uint256,uint256,address,bytes)",True,not_established
cisbl7-618035bea51769bfa88aac00,sandwich,5,3,2,3,3,0x08650bb9dc722c9c8c62e79c2bafa2d3fc5b3293;0x5083b16da538c5022744526122243cf3bddb3bf2;0x5c6919b79fac1c3555675ae59a9ac2484f3972f5,"swap(uint256,uint256,address,bytes)",True,not_established
cisbl7-628bd9df4c327cebc472cb4d,sandwich,4,2,2,2,2,0x07b1c12be0d62fe548a2b4b025ab7a5ca8def21e;0xf22fdd2be7c6da9788e4941a6ffc78ca99d7b15c,"swap(address,bool,int256,uint160,bytes);swap(uint256,uint256,address,bytes)",True,not_established
cisbl7-62a96206b86f630fe39b5caa,sandwich,5,3,2,3,3,0x4585fe77225b41b697c938b018e2ac67ac5a20c0;0xa986f2a12d85c44429f574ba50c0e21052b18ba1;0xc7bbec68d12a0d1830360f8ec58fa599ba1b0e9b,"swap(address,bool,int256,uint160,bytes);swap(uint256,uint256,address,bytes)",True,not_established
cisbl7-6a2ac05478c5a8f5bb9bfc77,sandwich,4,2,2,2,2,0x4db2c7dd361379134140ffb9d85248e8498008e4;0xe2c456b849be4cd14d8422d9868953ac60633e0d,"swap(uint256,uint256,address,bytes)",True,not_established
cisbl7-6a4f922da0cbb4d440f5e440,sandwich,5,3,2,3,3,0x318ba85ca49a3b12d3cf9c72cc72b29316971802;0x5615af7746f6c6da1c8b9b2f17c27604fb5b5db9;0x68b44c26874998adbd41a964e92315809524c7cb,"swap(address,bool,int256,uint160,bytes);swap(uint256,uint256,address,bytes)",True,not_established
cisbl7-6a8603ae9df75f07c3ad2569,sandwich,12,10,2,2,2,0x33906431e44553411b8668543ffc20aaa24f75f9;0x6220add83b8103bffe40218e658068288eda4ec1,"swap(uint256,uint256,address,bytes)",True,not_established
cisbl7-6b966fd6430a5ef69c917925,sandwich,4,2,2,2,2,0x2cbe315056605722d9c2c422110fa24e2f222d57;0xe0554a476a092703abdb3ef35c80e0d76d32939f,"swap(address,bool,int256,uint160,bytes);swap(uint256,uint256,address,bytes)",True,not_established
cisbl7-6bbd74fc8728c656ca07f83c,sandwich,5,3,2,3,3,0x6db0fe375ccb8ac3c2a0984d678bcd99981ddcb6;0x7b1e5d984a43ee732de195628d20d05cfabc3cc7;0xe0554a476a092703abdb3ef35c80e0d76d32939f,"swap(address,bool,int256,uint160,bytes);swap(uint256,uint256,address,bytes)",True,not_established
cisbl7-6d11b78960e9b054424834b0,sandwich,8,6,2,4,4,0x1385fc1fe0418ea0b4fcf7adc61fc7535ab7f80d;0x454954e9afc59fad90ae04068691304d2f5e249f;0x859f7092f56c43bb48bb46de7119d9c799716cdf;0xa741b0877589ae76c1fefa5142489e1ed7ebfa22,"swap(address,bool,int256,uint160,bytes);swap(uint256,uint256,address,bytes)",True,not_established
cisbl7-6d46e7a6678499b8e7258f23,sandwich,4,2,2,2,2,0x0f388ecdbc128083bfe317b00de2c25fbe9f24d5;0xc7bbec68d12a0d1830360f8ec58fa599ba1b0e9b,"swap(address,bool,int256,uint160,bytes);swap(uint256,uint256,address,bytes)",True,not_established
cisbl7-6d4b67fb7a1cc25da12722d9,sandwich,5,3,2,3,3,0x8bd1661da98ebdd3bd080f0be4e6d9be8ce9858c;0x9a772018fbd77fcd2d25657e5c547baff3fd7d16;0xa3ad1aaf0306179f0e6e1ac7566fc60cd24d4289,"swap(address,bool,int256,uint160,bytes);swap(uint256,uint256,address,bytes)",True,not_established
cisbl7-72bb92bbcb024b1c1530aa7c,sandwich,4,2,2,2,2,0x844eb5c280f38c7462316aad3f338ef9bda62668;0xc7bbec68d12a0d1830360f8ec58fa599ba1b0e9b,"swap(address,bool,int256,uint160,bytes)",True,not_established
cisbl7-7422494d58f0af05cd24bee3,sandwich,4,2,2,2,2,0x531ec9d0deb8b144cce8c85a0033fdda939bff0d;0xc7bbec68d12a0d1830360f8ec58fa599ba1b0e9b,"swap(address,bool,int256,uint160,bytes)",True,not_established
cisbl7-7775f4a0ac68b78c19ad87d9,sandwich,4,2,2,2,2,0x6bcd2862522c0ab45f4f9fe693e36c791ede0a42;0xdc6929c38f641ec27bbef24af5749aa68943df08,"swap(uint256,uint256,address,bytes)",True,not_established
cisbl7-7c1d3700ff36096d89676b59,sandwich,4,2,2,2,2,0x88e6a0c2ddd26feeb64f039a2c41296fcb3f5640;0xcf3f7d858444f78ed16a339fed8c3fd9819ec235,"swap(address,bool,int256,uint160,bytes);swap(uint256,uint256,address,bytes)",True,not_established
cisbl7-7d73948802f2e136e4548fb6,sandwich,5,3,2,3,3,0x295685c8fe08d8192981d21ea1fe856a07443920;0x530433ee503a05c5dfc9ccac7740df230ee3adbd;0xfcd13ea0b906f2f87229650b8d93a51b2e839ebd,"swap(uint256,uint256,address,bytes)",True,not_established
cisbl7-7df4f0b51a1c774847e9d1b2,sandwich,4,2,2,2,2,0x2325e3f261cadb1c30cebf66c9f95f6fb016c0d4;0xc7bbec68d12a0d1830360f8ec58fa599ba1b0e9b,"swap(address,bool,int256,uint160,bytes);swap(uint256,uint256,address,bytes)",True,not_established
cisbl7-7fb876f5aef22c27d255038b,sandwich,4,2,2,2,2,0x1084a95c69bdc3325c1c42f86676b6eb66dce053;0x202a6012894ae5c288ea824cbc8a9bfb26a49b93,"swap(address,bool,int256,uint160,bytes);swap(uint256,uint256,address,bytes)",True,not_established
cisbl7-7fc2f60cf2f55723852e558c,sandwich,7,5,2,4,4,0x1e9348b71ecbaaa14eff7b4b6186b78d1a9b9b70;0xa986f2a12d85c44429f574ba50c0e21052b18ba1;0xc7bbec68d12a0d1830360f8ec58fa599ba1b0e9b;0xe0554a476a092703abdb3ef35c80e0d76d32939f,"swap(address,bool,int256,uint160,bytes);swap(uint256,uint256,address,bytes)",True,not_established
cisbl7-80eea95757814ec03df9663d,sandwich,4,2,2,2,2,0x8ebae255823b7bb5331da070992f98846d31aafc;0xe0554a476a092703abdb3ef35c80e0d76d32939f,"swap(address,bool,int256,uint160,bytes);swap(uint256,uint256,address,bytes)",True,not_established
cisbl7-811a9d18672f271401608660,sandwich,4,2,2,2,2,0x7a415b19932c0105c82fdb6b720bb01b0cc2cae3;0xcc6f7439147338e0401a76db978d7d0ca6e5bfee,"swap(address,bool,int256,uint160,bytes);swap(uint256,uint256,address,bytes)",True,not_established
cisbl7-819687e7cccd3a27902f410b,sandwich,7,5,2,1,1,0xe331de28cd81b768c19a366b0e4e4675c45ec2da,"swap(address,bool,int256,uint160,bytes)",True,not_established
cisbl7-869976cbce62f86c7b7558a7,sandwich,5,3,2,3,3,0x3416cf6c708da44db2624d63ea0aaef7113527c6;0x4de8c60541fdadd33404ccb2c8b83907ce617341;0x79fdb46df5abc4083abbc44612ec0c499e115ba4,"swap(address,bool,int256,uint160,bytes);swap(uint256,uint256,address,bytes)",True,not_established
cisbl7-86c8fb0af9a802adefd34326,sandwich,5,3,2,3,3,0x2a48dbf6347ea5cdc906b4bb6a2ed27969241cde;0x66c4285223e5949d154783dd14f73844ccbf85cf;0xfe12d6a3168be617e1f70519a5b4da37ea638d3d,"swap(address,bool,int256,uint160,bytes);swap(uint256,uint256,address,bytes)",True,not_established
cisbl7-87a26b0bcbfd750ca82a5a64,sandwich,5,3,2,3,3,0xac4b3dacb91461209ae9d41ec517c2b9cb1b7daf;0xb36ec83d844c0579ec2493f10b2087e96bb65460;0xbfcae9f989e47436fd1678ef5f9182d94b81dbac,"swap(address,bool,int256,uint160,bytes);swap(uint256,uint256,address,bytes)",True,not_established
cisbl7-8ceeef395b89971a0a77a4f3,sandwich,4,2,2,2,2,0x08b48722792cb5d7dd81d687d922acfe4fbaf6ab;0x5d7634eca0bfadd87cee4baef0cddd81005ea407,"swap(address,bool,int256,uint160,bytes);swap(uint256,uint256,address,bytes)",True,not_established
cisbl7-902abb67ccfdda836cf438a5,sandwich,4,2,2,2,2,0xb079d6be3faf5771e354586dbc47d0a3d37c34fb;0xe495bfa137b68a037b1f661ed47a44b4fb2a6563,"swap(address,bool,int256,uint160,bytes);swap(uint256,uint256,address,bytes)",True,not_established
cisbl7-96b821e47dce7f66db17eecf,sandwich,4,2,2,2,2,0x9730b014700e78593fe62c06cad47ad1e0e5dff9;0x9a772018fbd77fcd2d25657e5c547baff3fd7d16,"swap(address,bool,int256,uint160,bytes);swap(uint256,uint256,address,bytes)",True,not_established
cisbl7-9808e3c235b317a1eec45aed,sandwich,5,3,2,2,2,0x044d1610e600d041229407fb6e514d259276e3b3;0xc39e83fe4e412a885c0577c08eb53bdb6548004a,"swap(address,bool,int256,uint160,bytes)",True,not_established
cisbl7-9b2f1d8616fc7939464a9441,sandwich,4,2,2,1,1,0xc7bbec68d12a0d1830360f8ec58fa599ba1b0e9b,"swap(address,bool,int256,uint160,bytes)",True,not_established
cisbl7-9cbf3ed03ba75e467f2cc9c8,sandwich,4,2,2,1,1,0xe0554a476a092703abdb3ef35c80e0d76d32939f,"swap(address,bool,int256,uint160,bytes)",True,not_established
cisbl7-9f2d6a2f94e86f3b4cf929ba,sandwich,7,5,2,3,3,0xab322bfaa8363e8c40356c479bfe9808fb7a31a2;0xdb3cf8597d795c1eaa3be49289d7538ed195c767;0xfc545f345e2afc52652cd6f76323c5ddc847bd6d,"swap(address,bool,int256,uint160,bytes);swap(uint256,uint256,address,bytes)",True,not_established
cisbl7-9f4d254c5cb3201e6469cfdf,sandwich,4,2,2,2,2,0x23c1e54ef229966f2ac159f6f441d0780e8717ac;0x56534741cd8b152df6d48adf7ac51f75169a83b2,"swap(address,bool,int256,uint160,bytes)",True,not_established
cisbl7-9fe6d0bc138ea40113d5f386,sandwich,4,2,2,1,1,0x919fa96e88d67499339577fa202345436bcdaf79,"swap(address,bool,int256,uint160,bytes)",True,not_established
cisbl7-a0bd964b45467bac539606c0,sandwich,6,4,2,2,2,0x044d1610e600d041229407fb6e514d259276e3b3;0x8b267e238a77c42c065dde3a6b711768571e9f34,"swap(address,bool,int256,uint160,bytes);swap(uint256,uint256,address,bytes)",True,not_established
cisbl7-a1f19468deaa13a257df4e2c,sandwich,6,4,2,4,4,0x308c6fbd6a14881af333649f17f2fde9cd75e2a6;0x6916f79669f745aebd82433583c85665bfae6fbb;0x76a411f14a704099ba476ce8dffc288a53295218;0x7a27d380df0daeb778967ea7795c767894efa72f,"swap(address,bool,int256,uint160,bytes);swap(uint256,uint256,address,bytes)",True,not_established
cisbl7-a20935bc6525e070427d4cbc,sandwich,5,3,2,3,3,0x3ebec0a1b4055c8d1180fce64db2a8c068170880;0x47270ca9a3cdf198d26a847b577e9bbdd96a082a;0xbf85f94d3233ee588f0907a9147fbb59d7246b54,"swap(address,bool,int256,uint160,bytes);swap(uint256,uint256,address,bytes)",True,not_established
cisbl7-a8873119f4e3480b8e58d4e1,sandwich,7,5,2,2,2,0xc7bbec68d12a0d1830360f8ec58fa599ba1b0e9b;0xe0554a476a092703abdb3ef35c80e0d76d32939f,"swap(address,bool,int256,uint160,bytes)",True,not_established
cisbl7-a8a9bea2a87523c87e6d192d,sandwich,8,6,2,1,1,0x3ebec0a1b4055c8d1180fce64db2a8c068170880,"swap(address,bool,int256,uint160,bytes)",True,not_established
cisbl7-ab45dde62207d8e76b39e73c,sandwich,13,11,2,1,1,0xd293d05e83035a757d510e2a5ebfe705c4f05b1f,"swap(uint256,uint256,address,bytes)",True,not_established
cisbl7-abc90c32f24922f063a8fbc9,sandwich,9,7,2,1,1,0xd293d05e83035a757d510e2a5ebfe705c4f05b1f,"swap(uint256,uint256,address,bytes)",True,not_established
cisbl7-ad480005f89cafd69ea5b325,sandwich,5,3,2,3,3,0x5ced44f03ff443bbe14d8ea23bc24425fb89e3ed;0xdeba8fd61c1c87b6321a501ebb19e61e610421bf;0xe0554a476a092703abdb3ef35c80e0d76d32939f,"swap(address,bool,int256,uint160,bytes);swap(uint256,uint256,address,bytes)",True,not_established
cisbl7-adeb9ac7570b375e30e71ea4,sandwich,5,3,2,3,3,0x6593f97975400fcfee16a44d8448bb0509743e8e;0x8580a7b63d48190775c7ceb13eda5dd4cc01a6e2;0xd300c31a23c2300c601a44da8e3df36c4e1b78c5,"swap(uint256,uint256,address,bytes)",True,not_established
cisbl7-adf7d0d2cb470c126b2889ab,sandwich,4,2,2,2,2,0x291c69fdaebd3cbe953843da243f8605a766a268;0xc7bbec68d12a0d1830360f8ec58fa599ba1b0e9b,"swap(address,bool,int256,uint160,bytes);swap(uint256,uint256,address,bytes)",True,not_established
cisbl7-aeaca78b5dbf176d54058a42,sandwich,5,3,2,3,3,0xb1bbeea2da2905e6b0a30203aef55c399c53d042;0xd7f185d0bff9e41b3e454c7fda07b4a4fe1911c5;0xfad57d2039c21811c8f2b5d5b65308aa99d31559,"swap(address,bool,int256,uint160,bytes);swap(uint256,uint256,address,bytes)",True,not_established
cisbl7-b080e327c682f06ccefa5166,sandwich,5,3,2,3,3,0x2172009e620ab2fc52b3c52648e1dcc28c16bf7d;0x4de8c60541fdadd33404ccb2c8b83907ce617341;0x8bb9cd887dd51c5aa8d7da9e244c94bec035e47c,"swap(address,bool,int256,uint160,bytes);swap(uint256,uint256,address,bytes)",True,not_established
cisbl7-b18d3a5ac4c9f9b388b9a2ba,sandwich,4,2,2,2,2,0x035a397725d3c9fc5ddd3e56066b7b64c749014e;0x0dc9877f6024ccf16a470a74176c9260beb83ab6,"swap(address,bool,int256,uint160,bytes);swap(uint256,uint256,address,bytes)",True,not_established
cisbl7-b6f55eb2fa25bc4220321209,sandwich,4,2,2,2,2,0x88e6a0c2ddd26feeb64f039a2c41296fcb3f5640;0xf94f040ad12abd0b585eae84876429715bfa82d6,"swap(address,bool,int256,uint160,bytes);swap(uint256,uint256,address,bytes)",True,not_established
cisbl7-b7366a806b1e8f9d1503245c,sandwich,6,4,2,4,4,0x15abc0a88b462ed37c89fbcd2bc0d6bd8a94f22d;0x540b9658044acb24a7f32341c6564818176b0f1e;0xea59a3da9cad8ece406a353ddede0e7d17604d28;0xfaa318479b7755b2dbfdd34dc306cb28b420ad12,"swap(address,bool,int256,uint160,bytes);swap(uint256,uint256,address,bytes)",True,not_established
cisbl7-b815c1c617ab3b33aed92586,sandwich,4,2,2,2,2,0x2325e3f261cadb1c30cebf66c9f95f6fb016c0d4;0x6d57a53a45343187905aad6ad8ed532d105697c1,"swap(uint256,uint256,address,bytes)",True,not_established
cisbl7-b86b4f85c7cb89b3531b18b1,sandwich,5,3,2,3,3,0x6c2b8b3f7a909531c4c55ca6a0a7c3ab65e8d94a;0x88e6a0c2ddd26feeb64f039a2c41296fcb3f5640;0xd1853218db7e0d3ace181e34e82b848a0248573e,"swap(address,bool,int256,uint160,bytes);swap(uint256,uint256,address,bytes)",True,not_established
cisbl7-c2223e1d3c8b973b70e8be10,sandwich,4,2,2,2,2,0x11b815efb8f581194ae79006d24e0d814b7697f6;0x898fcb7b4e3bee37ebb0ca3a3fbd08cefdc8c995,"swap(address,bool,int256,uint160,bytes);swap(uint256,uint256,address,bytes)",True,not_established
cisbl7-c25f2252c548bb7504005cbc,sandwich,4,2,2,1,1,0xc7bbec68d12a0d1830360f8ec58fa599ba1b0e9b,"swap(address,bool,int256,uint160,bytes)",True,not_established
cisbl7-cd513cd4835a5ac4c1a2d52a,sandwich,4,2,2,2,2,0x27574fb0948294111492e92d8f7ad93fb065700b;0xc7bbec68d12a0d1830360f8ec58fa599ba1b0e9b,"swap(address,bool,int256,uint160,bytes);swap(uint256,uint256,address,bytes)",True,not_established
cisbl7-cdc7c2d4f828ae7bde448901,sandwich,7,5,2,5,5,0x03b59bd1c8b9f6c265ba0c3421923b93f15036fa;0x470dc172d6502ac930b59322ece5345dd456a03d;0x5a254c6dc457f9ccf4b19a3b847dfbe3c85e892f;0xae4045ffeddf61d570e6d1fe2d71ded1a2e85a88;0xc4a8c243d8cf7891d6282bb293e7a0aa4ef1ae51,"swap(address,bool,int256,uint160,bytes);swap(uint256,uint256,address,bytes)",True,not_established
cisbl7-cfb48a68b7cc166252c99926,sandwich,5,3,2,3,3,0x01962144d41415cca072900fe87bbe2992a99f10;0x1f9b4a5ddd586f8471cda36262c52e5872a7d257;0xe0554a476a092703abdb3ef35c80e0d76d32939f,"swap(address,bool,int256,uint160,bytes);swap(uint256,uint256,address,bytes)",True,not_established
cisbl7-d223468137e41e66556d7cc9,sandwich,5,3,2,3,3,0x208f0ff6a50b725c695fa30c95175cce75c77e1f;0x60594a405d53811d3bc4766596efd80fd545a270;0x7c3b1297ac649b36547b913de50919acb45a250c,"swap(address,bool,int256,uint160,bytes);swap(uint256,uint256,address,bytes)",True,not_established
cisbl7-d3310c9d02e7dce3791fab0f,sandwich,4,2,2,2,2,0x9a772018fbd77fcd2d25657e5c547baff3fd7d16;0xb8384eb4a38c216711184209a205edd7d0552ddc,"swap(address,bool,int256,uint160,bytes);swap(uint256,uint256,address,bytes)",True,not_established
cisbl7-d4b781d6aed564e40b72436c,sandwich,4,2,2,2,2,0xc2a6798447bb70e5abcf1b0d6aeec90bc14fca55;0xe6ff8b9a37b0fab776134636d9981aa778c4e718,"swap(address,bool,int256,uint160,bytes)",True,not_established
cisbl7-d53ace785019fb83663d7ccc,sandwich,5,3,2,3,3,0x66c4285223e5949d154783dd14f73844ccbf85cf;0xc4d0900cb1bac79fd7c106fae3eedd0f9554f1e4;0xe96c108da71dbdb2aa1056bc55c3a073061a2fa1,"swap(uint256,uint256,address,bytes)",True,not_established
cisbl7-db84c348f855f232c25b7dda,sandwich,4,2,2,2,2,0x58cf91c080f7052f6da209bf605d6cf1cefd65f3;0x6cb687c64678c6de7d37d70985191faf11e9fc9d,"swap(address,bool,int256,uint160,bytes);swap(uint256,uint256,address,bytes)",True,not_established
cisbl7-dfad8d4769800076bf20b8e7,sandwich,4,2,2,2,2,0x29c830864930c897efa2b9e9851342187b82010e;0xc7bbec68d12a0d1830360f8ec58fa599ba1b0e9b,"swap(address,bool,int256,uint160,bytes);swap(uint256,uint256,address,bytes)",True,not_established
cisbl7-e170e359411bf222b640f04b,sandwich,6,4,2,4,4,0x0c4a68cf6857cc76fe946d04fe85fac5fae9625e;0xcaa004418eb42cdf00cb057b7c9e28f0ffd840a5;0xcc6f7439147338e0401a76db978d7d0ca6e5bfee;0xf359492d26764481002ed88bd2acae83ca50b5c9,"swap(address,bool,int256,uint160,bytes);swap(uint256,uint256,address,bytes)",True,not_established
cisbl7-e44a4af740df4513c5f1e833,sandwich,7,5,2,5,5,0x27fd0857f0ef224097001e87e61026e39e1b04d1;0x29c830864930c897efa2b9e9851342187b82010e;0x510100d5143e011db24e2aa38abe85d73d5b2177;0x60af8cf92e5aa9ead4a592d657cd6debecfbc616;0xc783d210c483d76d158fd502af6b48439ffed9c5,"swap(address,bool,int256,uint160,bytes);swap(uint256,uint256,address,bytes)",True,not_established
cisbl7-e4fac594bbdda452aef984cc,sandwich,4,2,2,2,2,0x60594a405d53811d3bc4766596efd80fd545a270;0xe0554a476a092703abdb3ef35c80e0d76d32939f,"swap(address,bool,int256,uint160,bytes)",True,not_established
cisbl7-e69c669e1f2b9b2e35496e9a,sandwich,10,8,2,1,1,0xd293d05e83035a757d510e2a5ebfe705c4f05b1f,"swap(uint256,uint256,address,bytes)",True,not_established
cisbl7-e80ecaa50c752dabca096ecf,sandwich,4,2,2,2,2,0x5a254c6dc457f9ccf4b19a3b847dfbe3c85e892f;0x6ada49aeccf6e556bb7a35ef0119cc8ca795294a,"swap(uint256,uint256,address,bytes)",True,not_established
cisbl7-e9c4c62e44280c5749063366,sandwich,4,2,2,2,2,0xc1f4ecd6398ffc97d81cb3015aa6ef7b19773a08;0xe0554a476a092703abdb3ef35c80e0d76d32939f,"swap(address,bool,int256,uint160,bytes);swap(uint256,uint256,address,bytes)",True,not_established
cisbl7-ee21b6e066d7caf0eda4b3c3,sandwich,7,5,2,5,5,0x23e182724f1b00a3c5a2c76502096625b5fe87cd;0x3bf1b837ccc1f62114a3e74ced4fcfb121d7e52a;0x5696c2c2fcb7e304a5b9faaec9cd37d369c9d067;0xa6a21fce6220f9c4c4e4f5e5e2653bfe73470c76;0xfa4ccc99ce5ff5071e87eb7abc0afda3877ca4d9,"swap(address,bool,int256,uint160,bytes);swap(uint256,uint256,address,bytes)",True,not_established
cisbl7-ee72d9b63bffc1829523eb3e,sandwich,4,2,2,2,2,0x2feba6992aaa7b2397e5b212ae060c76857cf9bb;0xd293d05e83035a757d510e2a5ebfe705c4f05b1f,"swap(uint256,uint256,address,bytes)",True,not_established
cisbl7-f33bc86412233d5d210ffdf1,sandwich,12,10,2,1,1,0xd293d05e83035a757d510e2a5ebfe705c4f05b1f,"swap(uint256,uint256,address,bytes)",True,not_established
cisbl7-f49f278ed1db8cca812af287,sandwich,4,2,2,2,2,0x173a77805b59613a52d921234878aad9ac8fafe1;0x99920e0ba2b8aead4d10de769b28ecc29693c011,"swap(address,bool,int256,uint160,bytes);swap(uint256,uint256,address,bytes)",True,not_established
cisbl7-f73311f9d1719391d5f626a0,sandwich,5,3,2,2,2,0x05767d9ef41dc40689678ffca0608878fb3de906;0x2e4784446a0a06df3d1a040b03e1680ee266c35a,"swap(address,bool,int256,uint160,bytes);swap(uint256,uint256,address,bytes)",True,not_established
cisbl7-f8cd9018dac65e663cc3ca96,sandwich,6,4,2,4,4,0x1aff94bb420361109097916970b8bfb7ab5ac3a6;0x3ebec0a1b4055c8d1180fce64db2a8c068170880;0xb112f9b950695c71a7e3dedd00472df07f4393bb;0xe0554a476a092703abdb3ef35c80e0d76d32939f,"swap(address,bool,int256,uint160,bytes);swap(uint256,uint256,address,bytes)",True,not_established
cisbl7-faffe8571f2432e9ba6b5c0f,sandwich,5,3,2,3,3,0x0606bd6ba099881ca1022a2e4e8c1a6748502429;0x435664008f38b0650fbc1c9fc971d0a3bc2f1e47;0xbf85f94d3233ee588f0907a9147fbb59d7246b54,"swap(address,bool,int256,uint160,bytes);swap(uint256,uint256,address,bytes)",True,not_established
cisbl7-fe2e2606c1a83416ada97280,sandwich,6,4,2,4,4,0xa1db2fc9b2ceaf3cdf41fd11ffcb38404eae3906;0xb5fa7edfd5e3c27480763a066c2fa6b12fce24e8;0xfdd05552f1377aa488afed744c8024358af02041;0xff4fe8cae039024db963b2eba22d76c121af8e88,"swap(uint256,uint256,address,bytes)",True,not_established
cisbl7-ff87e478e92a548039231e76,sandwich,4,2,2,2,2,0x3125200e155c9e7f71fdfef558b8f172c93fe72f;0xc7bbec68d12a0d1830360f8ec58fa599ba1b0e9b,"swap(address,bool,int256,uint160,bytes);swap(uint256,uint256,address,bytes)",True,not_established
